<customUI xmlns="http://schemas.microsoft.com/office/2006/01/customui"> 

<ribbon startFromScratch="true">

<tabs>
<tab id="tabPrintPreview" label="Relatório">

<group id="grpPrint" label="Impressora"  visible="true">
 <button idMso="PrintDialogAccess" size="large" label="Imprimir" imageMso="PrintDialogAccess"/>
</group>
               
<group id="grpZoom" label="Zoom" >
<splitButton idMso="PrintPreviewZoomMenu" size="large" visible="true"/>
<toggleButton idMso="ZoomFitToWindow" size="large"/>
<toggleButton idMso="ZoomOnePage" size="large"/>
<toggleButton idMso="PrintPreviewZoomTwoPages" size="large"/>
 </group>

<group id="grpClosePreview" label="Fechar Relatório"  visible="true">
<button idMso="PrintPreviewClose" size="large" label="Fechar" imageMso="PrintPreviewClose"/>
</group>

</tab>
</tabs>
</ribbon>
</customUI>