<customUI xmlns="http://schemas.microsoft.com/office/2006/01/customui"
 onLoad="fncRibbon">

<!-- *** TAG COMMANDS  ***-->

<commands>
<command idMso="ApplicationOptionsDialog" enabled = "false"/>
<command idMso="FileExit" enabled = "false"/>
<command idMso="Help" enabled = "false"/>
</commands>

<ribbon startFromScratch="true">

<!--=========================================================================-->

<!-- ***TAG QAT***-->

<!-- *** TAG OFFICEMENU ***-->

<officeMenu>
<button idMso="FileNewDatabase" visible = "false"/>
<button idMso="FileOpenDatabase" visible = "false"/>
<splitButton idMso="FileSaveAsMenuAccess" visible = "false"/>
<button idMso="FileCloseDatabase" visible = "false"/>
<menu idMso="FileManageMenu" visible = "false"/>
</officeMenu>

<!--=========================================================================-->
<tabs>
<!-- *** GUIA PRINCIPAL ADMIN***-->
<tab id = "guiaPrincipalADMIN" label = "ADMIN" getVisible="fncGetVisible">

<!-- *** GRUPO EDIÇÃO SAR E PROVIDENCIAS *** -->
<group id = "grAdminSAR" label = "Edições do SAR" getVisible = "fncGetVisible">	

<button id="btAdminSAR"
label="ADMIN - Indicador SAR"
onAction="fncOnAction"
imageMso="DefinePrintStyles"
size="large"
supertip="ADMIN - Indicador SAR"/>

<button id="btAdminProvidencias"
label="ADMIN - Indicador Providências"
onAction="fncOnAction"
imageMso="DefinePrintStyles"
size="large"
supertip="ADMIN - Indicador Providências"/>

</group>

<!-- *** GRUPO Rastrear Usuários *** -->
<group id = "grRastreioUsuario" label = "Rastrear Usuários" getVisible = "fncGetVisible">

<button id="btControleUsuarios"
label="Controle Usuários"
onAction="fncOnAction"
imageMso="DatabaseMakeMdeFile"
size="large"
supertip="Controle Usuários"/>

<button id="btControleUsuariosMovimentações"
label="Controle Usuários Movimentações"
onAction="fncOnAction"
imageMso="AddNewColumnMenu"
size="large"
supertip="Controle Usuários - Movimentações"/>

<button id="btFormTabelas"
label="Editar Tabelas, Formularios e Relatórios"
onAction="fncOnAction"
imageMso="WindowSwitchWindowsMenuExcel"
size="large"
supertip="Editar Tabelas, Formularios e Relatórios"/>

<button id="btDesCript"
label="Descript"
onAction="fncOnAction"
imageMso="AddInsMenu"
size="large"
supertip="Descript"/>

<button id="btRibbon"
label="Alterar Ribbon"
onAction="fncOnAction"
imageMso="AutoTextGallery"
size="large"
supertip="Alterar Ribbon"/>

</group>

<!-- *** GRUPO MANUTENÇÃO *** -->
<group id="grManutencao" label="Manutenção" 
getVisible = "fncGetVisible">

<menu  id ="mnmanutencao" label="Manutenção"
imageMso = "FileCompactAndRepairDatabase"
size="large" itemSize = "large">

<button id="btbackup"
label="Backup"
imageMso="FileBackupDatabase" 
supertip="backup"
onAction = "fncOnAction"
tag="5"
/>

<menuSeparator
id = "mnm1"
/>

<button id="btAlteraCaminho"
label="Altera Caminho das Tabelas"
imageMso="BusinessDataSyncWithLocalCache" 
supertip="Altera Caminho das Tabelas"
onAction = "fncOnAction"
tag="5"
/>

<menuSeparator
id = "mnm2"
/>

<button idMso="FileCompactAndRepairDatabase" label="Compactar e Reparar" visible="true"/>

<menuSeparator
id = "mnm3"
/>

<button id="btvincular"
label="Refazer Vínculos"
imageMso="RecurrenceEdit" 
supertip="Refazer vínculos com as tabelas"
getEnabled = "fncGetEnabled"
onAction = "fncOnAction"
tag="5"
/>

</menu>
</group>

<group id="grSegurança" label="Segurança" 
getVisible = "fncGetVisible">

<splitButton id="sbtseguranca" size="large">
<menu itemSize="large" >

<button id="btusuario"
label="Cadastrar usuários"
onAction="fncOnAction"
imageMso="FileDocumentEncrypt" 
supertip="Abre formulário para incluir, editar ou excluir usuário."/>

<button id="btpermissao"
label="Permissões dos usuários"
onAction="fncOnAction"
imageMso="DatabasePermissions" 
supertip="Abre formulário para configurar permissões dos usuários."/>

</menu>
</splitButton>
</group>

<!-- *** GRUPO MANUAL ADMIN ***-->
<group id = "grManualAdmin" label = "Manual de Informações" getVisible = "fncGetVisible">	
					
<menu id ="mnManualAdmin" label="Manual Admin"
imageMso="BibliographyAddNewSource"
size="large" itemSize = "normal">

<button id="btManualAdmin"
label="Manual Administrador Geral"
tag="\\SRV01\Usuarios\Engenharia\BANCO_DADOS\Nova pasta\POS-VENDA\MANUTENÇÃO\MANUAL\ADMIN\MANUAL ADMIN.pdf"
onAction="fncOnAction"
imageMso="BibliographyAddNewSource"
supertip="Manual Administrador Geral"/>

<button id="btManualAdminIndicadorSAR"
label="Manual Administrador - Indicador SAR"
tag="\\SRV01\Usuarios\Engenharia\BANCO_DADOS\Nova pasta\POS-VENDA\MANUTENÇÃO\MANUAL\ADMIN\MANUAL ADMIN - INDICADORES SAR.pdf"
onAction="fncOnAction"
imageMso="BibliographyAddNewSource"
supertip="Manual Administrador - Indicador SAR"/>

<button id="btManualAdminIndicadorProvidencias"
label="Manual Administrador - Indicador Providências"
tag="\\SRV01\Usuarios\Engenharia\BANCO_DADOS\Nova pasta\POS-VENDA\MANUTENÇÃO\MANUAL\ADMIN\MANUAL ADMIN - INDICADORES PROVIDENCIAS.pdf"
onAction="fncOnAction"
imageMso="BibliographyAddNewSource"
supertip="Manual Administrador - Indicador Providências"/>

<menuSeparator
id = "mnManualAdmin1"
/>

<button id="btManualAdminControleUsuarios"
label="Manual Admin - Controle de Usuarios"
tag="\\SRV01\Usuarios\Engenharia\BANCO_DADOS\Nova pasta\POS-VENDA\MANUTENÇÃO\MANUAL\ADMIN\MANUAL ADMIN - CONTROLE DE USUARIOS.pdf"
onAction="fncOnAction"
imageMso="BibliographyAddNewSource"
supertip="Manual Admin - Controle de Usuarios"/>

<button id="btManualAdminEdiçãoTabelas"
label="Manual Admin - Edição de Tabelas e Formulários"
tag="\\SRV01\Usuarios\Engenharia\BANCO_DADOS\Nova pasta\POS-VENDA\MANUTENÇÃO\MANUAL\ADMIN\MANUAL ADMIN - EDIÇÃO DE TABELAS E FORMULÁRIOS.pdf"
onAction="fncOnAction"
imageMso="BibliographyAddNewSource"
supertip="Manual Admin - Edição de Tabelas e Formulários"/>

<button id="btManualAdminDesCript"
label="Manual Admin - DesCript"
tag="\\SRV01\Usuarios\Engenharia\BANCO_DADOS\Nova pasta\POS-VENDA\MANUTENÇÃO\MANUAL\ADMIN\MANUAL ADMIN - DESCRIPT.pdf"
onAction="fncOnAction"
imageMso="BibliographyAddNewSource"
supertip="Manual Admin - DesCript"/>

<button id="btManualAdminBackup"
label="Manual Admin - Backup"
tag="\\SRV01\Usuarios\Engenharia\BANCO_DADOS\Nova pasta\POS-VENDA\MANUTENÇÃO\MANUAL\ADMIN\MANUAL ADMIN - BACKUP.pdf"
onAction="fncOnAction"
imageMso="BibliographyAddNewSource"
supertip="Manual Admin - Backup"/>

<menuSeparator
id = "mnManualAdmin2"
/>

<button id="btManualAdminCadastroUsuario"
label="Manual Admin - Cadastro de Usuarios"
tag="\\SRV01\Usuarios\Engenharia\BANCO_DADOS\Nova pasta\POS-VENDA\MANUTENÇÃO\MANUAL\ADMIN\MANUAL ADMIN - CADASTRO DE USUARIO.pdf"
onAction="fncOnAction"
imageMso="BibliographyAddNewSource"
supertip="Manual Admin - Cadastro de Usuarios"/>

<button id="btManualAdminCadastroPermissoes"
label="Manual Admin - Cadastro de Permissões dos Usuários"
tag="\\SRV01\Usuarios\Engenharia\BANCO_DADOS\Nova pasta\POS-VENDA\MANUTENÇÃO\MANUAL\ADMIN\MANUAL ADMIN - PERMISSOES DO USUARIO.pdf"
onAction="fncOnAction"
imageMso="BibliographyAddNewSource"
supertip="Manual Admin - Cadastro de Permissões dos Usuários"/>

<button id="btManualAdminCadastroPermissoesAvançado"
label="Manual Admin - Cadastro de Permissões dos Usuários (Funções Avançadas)"
tag="\\SRV01\Usuarios\Engenharia\BANCO_DADOS\Nova pasta\POS-VENDA\MANUTENÇÃO\MANUAL\ADMIN\MANUAL ADMIN - PERMISSOES DO USUARIO - AVANÇADO.pdf"
onAction="fncOnAction"
imageMso="BibliographyAddNewSource"
supertip="Manual Admin - Cadastro de Permissões dos Usuários (Funções Avançadas)"/>

</menu>
</group>

<!-- *** GRUPO Logoff *** -->
<group id = "grLogoffAdmin" label = "Logoff">				

<button id="btlogoffAdmin"
label="Fazer logoff"
onAction="fncOnAction"
imageMso="GroupAdminister" 
size="large"
supertip="Logoff"/>			

</group>

<!-- *** GRUPO SAIR ***-->
<group id = "grSairAdmin" label = "Sair">

<button id = "btMenuPrincipalAdmin" imageMso = "BlogHomePage"
label = "Menu Principal" size="large"
tag="\\SRV01\Usuarios\Engenharia\BANCO_DADOS\MENU.accdb"
onAction = "fncOnAction"
/>

</group>
</tab>
<!--***FIM DA GUIA PRINCIPAL ADMIN***-->

<!-- *** GUIA PRINCIPAL ***-->
<tab id = "guiaSAR" label = "SAR" getVisible="fncGetVisible">

<!-- *** GRUPO CLIENTE***-->
<group id = "grCliente" label = "Cliente" getVisible = "fncGetVisible">

<button id = "btCliente"
label="Cliente"
onAction="fncOnAction"
imageMso="CreateForm"
size="large"
supertip="Cadastro de Cliente"/>

<button id = "btClientePesquisa"
label="Pesquisa de Cliente"
onAction="fncOnAction"
imageMso="DefaultView"
size="large"
supertip="Pesquisa de Cliente"/>
				
</group>

<!-- *** GRUPO ATENDIMENTO SAR***-->
<group id = "grAtendimentoSAR" label = "Atendimento - SAR" getVisible = "fncGetVisible">
			
<button id = "btSAR"
label="Cadastro  FQ-25"
onAction="fncOnAction"
imageMso="FileMarkAsFinal"
size="large"
supertip="Cadastro  FQ-25"/>
				
<button id = "btSAR_Pesquisa"
label="Pesquisa  FQ-23"
onAction="fncOnAction"
imageMso="DefaultView"
size="large"
supertip="Pesquisa  FQ-23"/>

<button id = "btSGDP_SAR"
label="Controle de Providencias"
onAction="fncOnAction"
imageMso="AdpOutputOperationsTableRemove"
size="large"
supertip="Controle de Providencias"/>
				
</group>

<!-- *** GRUPO FERIADO SAR***-->
<group id = "grFeriadoSAR" label = "Feriados - SAR" getVisible = "fncGetVisible">

<button id = "btFeriado"
label="Cadastro de Feriados"
onAction="fncOnAction"
imageMso="DateAndTimeInsert"
size="large"
supertip="Cadastro de Feriado"/>

</group>

<!-- *** GRUPO ATENDIMENTO SAR FINAN***-->
<group id = "grAtendimentoSAR_FINAN" label = "Atendimento - SAR (Financeiro)" getVisible = "fncGetVisible">

<button id = "btSAR_Pesquisa_FINAN"
label="Pesquisa  FQ-23"
onAction="fncOnAction"
imageMso="DefaultView"
size="large"
supertip="Pesquisa  FQ-23"/>

<button id = "btSGDP_SAR_FINAN"
label="Controle de Providencias"
onAction="fncOnAction"
imageMso="AdpOutputOperationsTableRemove"
size="large"
supertip="Controle de Providencias"/>
				
</group>

<!-- *** GRUPO ATENDIMENTO SAR RECE***-->
<group id = "grAtendimentoSAR_RECE" label = "Atendimento - SAR (Recebimento)" getVisible = "fncGetVisible">

<button id = "btSAR_Pesquisa_RECE"
label="Pesquisa  FQ-23"
onAction="fncOnAction"
imageMso="DefaultView"
size="large"
supertip="Pesquisa  FQ-23"/>

<button id = "btSGDP_SAR_RECE"
label="Controle de Providencias"
onAction="fncOnAction"
imageMso="AdpOutputOperationsTableRemove"
size="large"
supertip="Controle de Providencias"/>
				
</group>

<!-- *** GRUPO ATENDIMENTO SAR PCP***-->
<group id = "grAtendimentoSAR_PCP" label = "Atendimento - SAR (PCP)" getVisible = "fncGetVisible">

<button id = "btSAR_Pesquisa_PCP"
label="Pesquisa  FQ-23"
onAction="fncOnAction"
imageMso="DefaultView"
size="large"
supertip="Pesquisa  FQ-23"/>

<button id = "btSGDP_SAR_PCP"
label="Controle de Providencias"
onAction="fncOnAction"
imageMso="AdpOutputOperationsTableRemove"
size="large"
supertip="Controle de Providencias"/>
				
</group>

<!-- *** GRUPO MANUAL POS-VENDA ***-->
<group id = "grManualPosVenda" label = "Manual de Informações" getVisible = "fncGetVisible">	
					
<menu id ="mnManualPosVenda" label="Manual Pós Venda"
imageMso="BibliographyAddNewSource"
size="large" itemSize = "normal">

<button id="btManualPosVenda"
label="Manual POS-VENDA Geral"
tag="\\SRV01\Usuarios\Engenharia\BANCO_DADOS\Nova pasta\POS-VENDA\MANUTENÇÃO\MANUAL\POS-VENDA\MANUAL POS-VENDA.pdf"
onAction="fncOnAction"
imageMso="BibliographyAddNewSource"
supertip="Manual POS-VENDA Geral"/>

<menuSeparator
id = "mnManualPosVenda1"
/>

<button id="btManualCliente"
label="Manual - Cadastrar Cliente"
tag="\\SRV01\Usuarios\Engenharia\BANCO_DADOS\Nova pasta\POS-VENDA\MANUTENÇÃO\MANUAL\POS-VENDA\MANUAL POS-VENDA - CADASTRO CLIENTE.pdf"
onAction="fncOnAction"
imageMso="BibliographyAddNewSource"
supertip="Manual - Cadastrar Cliente"/>

<button id="btManualHistorico"
label="Manual - Pesquisa Histórico Cliente"
tag="\\SRV01\Usuarios\Engenharia\BANCO_DADOS\Nova pasta\POS-VENDA\MANUTENÇÃO\MANUAL\POS-VENDA\MANUAL POS-VENDA - HISTÓRICO CLIENTE.pdf"
onAction="fncOnAction"
imageMso="BibliographyAddNewSource"
supertip="Manual - Pesquisa Histórico Cliente"/>

<button id="btManualNovaSAR"
label="Manual - Cadastrar FQ-25"
tag="\\SRV01\Usuarios\Engenharia\BANCO_DADOS\Nova pasta\POS-VENDA\MANUTENÇÃO\MANUAL\POS-VENDA\MANUAL POS-VENDA - CADASTRO SAR.pdf"
onAction="fncOnAction"
imageMso="BibliographyAddNewSource"
supertip="Manual - Cadastrar FQ-25"/>

<button id="btManualSAR"
label="Manual - Pesquisa FQ-23"
tag="\\SRV01\Usuarios\Engenharia\BANCO_DADOS\Nova pasta\POS-VENDA\MANUTENÇÃO\MANUAL\POS-VENDA\MANUAL POS-VENDA - PESQUISA SAR.pdf"
onAction="fncOnAction"
imageMso="BibliographyAddNewSource"
supertip="Manual - Pesquisa FQ-23"/>

<button id="btManualProvidencia"
label="Manual - Pesquisa Providências"
tag="\\SRV01\Usuarios\Engenharia\BANCO_DADOS\Nova pasta\POS-VENDA\MANUTENÇÃO\MANUAL\POS-VENDA\MANUAL POS-VENDA - ALTERAÇÃO PROVIDENCIAS.pdf"
onAction="fncOnAction"
imageMso="BibliographyAddNewSource"
supertip="Manual - Pesquisa Providências"/>

<button id="btManualFeriados"
label="Manual - Cadastrar Feriados"
tag="\\SRV01\Usuarios\Engenharia\BANCO_DADOS\Nova pasta\POS-VENDA\MANUTENÇÃO\MANUAL\POS-VENDA\MANUAL POS-VENDA - CADASTRO FERIADO.pdf"
onAction="fncOnAction"
imageMso="BibliographyAddNewSource"
supertip="Manual - Cadastrar Feriados"/>

</menu>
</group>

<!-- *** GRUPO MANUAL POS-VENDA - VISITANTE***-->
<group id = "grManualPosVendaVisitante" label = "Manual de Informações" getVisible = "fncGetVisible">	
					
<menu id ="mnManualPosVendaVisitante" label="Manual Pós Venda"
imageMso="BibliographyAddNewSource"
size="large" itemSize = "normal">

<button id="btManualPosVendaVisitante"
label="Manual POS-VENDA Geral"
tag="\\SRV01\Usuarios\Engenharia\BANCO_DADOS\Nova pasta\POS-VENDA\MANUTENÇÃO\MANUAL\POS-VENDA\MANUAL POS-VENDA - VISI.pdf"
onAction="fncOnAction"
imageMso="BibliographyAddNewSource"
supertip="Manual POS-VENDA Geral"/>

<menuSeparator
id = "mnManualPosVendaVisitante1"
/>

<button id="btManualHistoricoClienteSARVisitante"
label="Manual - Histórico Cliente"
tag="\\SRV01\Usuarios\Engenharia\BANCO_DADOS\Nova pasta\POS-VENDA\MANUTENÇÃO\MANUAL\POS-VENDA\MANUAL POS-VENDA VISI - HISTÓRICO CLIENTE.pdf"
onAction="fncOnAction"
imageMso="BibliographyAddNewSource"
supertip="Manual - Histórico Cliente"/>

<button id="btManualProvidenciaVisitante"
label="Manual - Pesquisa Providências"
tag="\\SRV01\Usuarios\Engenharia\BANCO_DADOS\Nova pasta\POS-VENDA\MANUTENÇÃO\MANUAL\POS-VENDA\MANUAL POS-VENDA VISI - ALTERAÇÃO PROVIDENCIASpdf"
onAction="fncOnAction"
imageMso="BibliographyAddNewSource"
supertip="Manual - Pesquisa Providências"/>

</menu>
</group>

<!-- *** GRUPO Logoff *** -->
<group id = "grLogoff" label = "Logoff">				

<button id="btlogoff"
label="Fazer logoff"
onAction="fncOnAction"
imageMso="GroupAdminister" 
size="large"
supertip="Logoff"/>			

</group>
</tab>
<!--***FIM DA GUIA PRINCIPAL POS-VENDA***-->
</tabs>
</ribbon>

<backstage onShow="fncOnShowBackstage">
<tab idMso="TabInfo" visible = "false"/>
<tab idMso="TabOfficeStart" visible = "false"/>
<tab idMso="TabOfficeStart" visible = "false"/>
<tab idMso="TabRecent" visible = "false"/>
<button idMso="FileSave" visible = "false"/>
<tab idMso="TabSave" visible = "false"/>
<tab idMso="TabPrint" visible = "false"/>
<button idMso="FileCloseDatabase" visible = "false"/>
<tab idMso="TabHelp" visible = "false"/>
<button idMso="ApplicationOptionsDialog" visible = "false"/>
<tab id = "tbb1" label = "Sobre" title = "Informações sobre o Banco de Dados Pós-Venda" insertBeforeMso = "FileSave">
<firstColumn>
   <group id="grp1">
      <topItems>
         <labelControl id = "lb1" label = "Criado por Lucas C Bonfim"/>
         <labelControl id = "lb3" label = "Contato: lcbbonfim@gmail.com.br"/>
      </topItems>
   </group>
</firstColumn>
</tab>
</backstage>
</customUI>